<?xml version="1.0" encoding="UTF-8"?>
<!DOCTYPE mapper PUBLIC "-//mybatis.org//DTD Mapper 3.0//EN" "http://mybatis.org/dtd/mybatis-3-mapper.dtd">
<mapper namespace="com.wxcloud.mallgoods.mapper.GoodsBannerMapper">

    <!-- 通用查询映射结果 -->
    <resultMap id="BaseResultMap" type="com.wxcloud.mallgoods.entity.GoodsBanner">
        <id column="id" property="id"/>
        <result column="name" property="name"/>
        <result column="description" property="description"/>
        <result column="create_by" property="createBy"/>
        <result column="created_at" property="createdAt"/>
        <result column="update_by" property="updateBy"/>
        <result column="updated_at" property="updatedAt"/>
        <result column="create_by" property="createBy"/>
        <result column="corp_code" property="corpCode"/>
    </resultMap>

    <select id="getGoodsBannerList" parameterType="java.lang.String" resultMap="BaseResultMap">
        select * from t_goods_banner
    </select>

</mapper>