<?xml version="1.0" encoding="UTF-8"?>  
<beans  
    xmlns="http://www.springframework.org/schema/beans"  
    xmlns:xsi="http://www.w3.org/2001/XMLSchema-instance"  
    xmlns:tx="http://www.springframework.org/schema/tx"  
    xmlns:context="http://www.springframework.org/schema/context"    
    xmlns:aop="http://www.springframework.org/schema/aop" 
    xmlns:mvc="http://www.springframework.org/schema/mvc"
    xmlns:dubbo="http://code.alibabatech.com/schema/dubbo"    
    xsi:schemaLocation="http://www.springframework.org/schema/beans   
    http://www.springframework.org/schema/beans/spring-beans-3.2.xsd   
    http://www.springframework.org/schema/tx   
    http://www.springframework.org/schema/tx/spring-tx-3.2.xsd  
    http://www.springframework.org/schema/context  
    http://www.springframework.org/schema/context/spring-context-3.2.xsd  
    http://www.springframework.org/schema/aop
	http://www.springframework.org/schema/aop/spring-aop.xsd
    http://www.springframework.org/schema/mvc  
    http://www.springframework.org/schema/mvc/spring-mvc-3.2.xsd">  
  
  
  <!-- 自动扫描的包名  启动包扫描功能，以便注册带有@Controller、@Service、@repository、@Component等注解的类成为spring的bean -->
  <context:component-scan base-package="com.ls" />
  <aop:aspectj-autoproxy/>
   <!-- 默认的注解映射的支持    是一种简写形式，完全可以手动配置替代这种简写形式，会自动注册  
    DefaultAnnotationHandlerMapping与AnnotationMethodHandlerAdapter 两个bean,  
    是spring MVC为@Controllers分发请求所必须的。 -->
	<bean class="org.springframework.web.servlet.mvc.annotation.DefaultAnnotationHandlerMapping"></bean>
	<mvc:annotation-driven />
	<!-- 返回JSON模版 -->
	<bean
		class="org.springframework.web.servlet.mvc.annotation.AnnotationMethodHandlerAdapter">
		<property name="messageConverters">
			<list>
				<bean class="org.springframework.http.converter.json.MappingJackson2HttpMessageConverter" />
			</list>
		</property>
	</bean>

	<bean id="propertyConfigurer" class="org.springframework.beans.factory.config.PropertyPlaceholderConfigurer">
	<!-- <property name="location" value="classpath:resources/config.properties" /> -->	
		<property name="systemPropertiesModeName" value="SYSTEM_PROPERTIES_MODE_OVERRIDE" />
		<property name="ignoreResourceNotFound" value="true" />
		<property name="locations">
			<list>
				<value>classpath:config.properties</value>
			</list>
		</property>
	</bean>  
    <!-- c3p0数据源及连接池配置 -->
	<bean id="dataSource" class="com.mchange.v2.c3p0.ComboPooledDataSource" destroy-method="close">
		<property name="driverClass" value="${jdbc.driverClassName}"></property>
		<property name="jdbcUrl" value="${jdbc.url}"></property>
		<property name="user" value="${jdbc.username}"></property>
		<property name="password" value="${jdbc.password}"></property>
		<!-- 最小连接数 -->
		<property name="minPoolSize" value="10"></property>
		<!-- 最大连接数 -->
		<property name="maxPoolSize" value="335"></property>
		<!-- 初始化连接数 -->
		<property name="initialPoolSize" value="10"></property>
		<!-- 连接耗尽后，一次性获取的新连接数 -->
		<property name="acquireIncrement" value="10"></property>
		<!-- 连接失败后重复连接次数 -->
		<property name="acquireRetryAttempts" value="2"></property>
		<!-- 两次连接间隔时间1000*1毫秒(1秒) -->
		<property name="acquireRetryDelay" value="1000"></property>
		<!-- 每60*60秒(1小时)，检查连接池中的空闲连接 -->
		<property name="idleConnectionTestPeriod" value="3600"></property>
		<!-- 最大空闲时间60*30秒(0.5小时)，内不使用则丢弃 -->
		<property name="maxIdleTime" value="1800"></property>
	</bean>
    <bean id="sqlSessionFactory"  
        class="org.mybatis.spring.SqlSessionFactoryBean">  
        <property name="configLocation"  
            value="classpath:mybatis-config.xml" />  
       <!--  自动扫描mapper目录, 省掉Configuration.xml里的手工配置  -->
		<property name="mapperLocations" value="classpath*:/com/ls/**/mappers/*Mapper.xml" />
        <property name="dataSource" ref="dataSource" />
    </bean>
    
    <!-- 扫描接口作为mapper代理 -->
	<bean class="org.mybatis.spring.mapper.MapperScannerConfigurer">
		<property name="basePackage" value="com.ls.**.dao" />
		<!-- 凡是继承MybatisMapper的接口均被视为mapper代理 
		需要注意代理接口的完整className需要和mapper文件中的nameSpace一致
		methodName需要和mapper文件中的 statementId一致-->
		<property name="markerInterface" value="com.ls.utils.database.MybatisMapper" />
	</bean>
    
    <!-- 数据库的事务管理器配置 -->  
    <bean id="transactionManager"  
        class="org.springframework.jdbc.datasource.DataSourceTransactionManager">  
        <property name="dataSource" ref="dataSource" />  
    </bean>  
    <!-- 使用annotation定义数据库事务，这样可以在类或方法中直接使用@Transactional注解来声明事务 -->  
    <tx:annotation-driven transaction-manager="transactionManager" />

	<!-- 引入springjdbcTemplate -->
	<bean id="jdbcTemplate" class="org.springframework.jdbc.core.JdbcTemplate">
		<property name="dataSource" ref="dataSource">
		</property>
	</bean>
	
	<!-- <import resource="redis.xml"/> -->
	<!-- 引入验证码配置文件 -->
 	<import resource="captchaSetting.xml"/>
 	<!--引入WebService配置文件 -->
 	<!-- <import resource="applicationContext-webservices.xml"/>  -->
 	
 	<!-- <bean id="validationUtil" class="com.woyi.common.ValidationUtil"></bean> -->
</beans>  