<?xml version="1.0" encoding="UTF-8"?>
<beans xmlns="http://www.springframework.org/schema/beans"
	xmlns:xsi="http://www.w3.org/2001/XMLSchema-instance"
	xmlns:p="http://www.springframework.org/schema/p"
	xmlns:util="http://www.springframework.org/schema/util"
	xsi:schemaLocation="http://www.springframework.org/schema/beans 
		http://www.springframework.org/schema/beans/spring-beans.xsd
		http://www.springframework.org/schema/util 
		http://www.springframework.org/schema/util/spring-util.xsd">
	<description>
		主要用于配置验证码的相关参数信息
		1.可以调整验证码图片的宽和高
		2.调整验证码字符的字体
		3.生成的验证码个数
		4.验证码的字符来源
		5.验证码之间的间距及与图片的左右上下的相对位置
		6.干扰线的设置
	</description>
	<!-- 是否启用验证码 -->
	<!-- <bean id="enableCaptcha" class="java.lang.Boolean" >
		<constructor-arg value="true"/>
	</bean> -->
	<!-- 验证码配置 -->
	<bean id="captchaSetting" class="com.ls.captcha.CaptchaSetting">
		<!-- 生成的验证码宽度 -->
		<property name="imageWidth" value="85"/>
		<!-- 生成的验证码高度 -->
		<property name="imageHeight" value="33"/>
		<!-- 验证码中的字体信息 -->
		<property name="font">
			<bean class="java.awt.Font">
				<constructor-arg index="0" value="微软雅黑"/><!-- 字体名称 -->
				<constructor-arg index="1" value="2"/><!-- 字体风格 -->
				<constructor-arg index="2" value="33"/><!-- 字体大小 -->
			</bean>
		</property>
		<!-- 生成的验证码个数 -->
		<property name="captchaLength" value="4"/>
		<!-- 验证码来源 ：请不要随意指定中文--><!-- abcdefghijklmnopqrstuvwxyzABCDEFGHIJKLMNOPQRSTUVWXYZ0123456789 -->
		<property name="captchaSource" value="0123456789"/>
		<!-- 验证码字符间距 -->
		<property name="gap" value="20"/>
		<!-- X增量和Y增量：用于调整生成的字符在图片中的相对位置 -->
		<property name="xIncrement" value="1"/>
		<property name="yIncrement" value="-4"/>
		<!-- 是否有干扰线 -->
		<property name="hasDisturb" value="false"/>
		<!-- 干扰线条数 -->
		<property name="disturbSize" value="5"/>
	</bean>
	<!-- 验证码工具 -->
	<bean id="captchaUtil" class="com.ls.captcha.CaptchaUtil">
		<property name="captchaSetting" ref="captchaSetting"/>
	</bean>
</beans>