<?xml version="1.0" encoding="UTF-8"?>
<beans xmlns="http://www.springframework.org/schema/beans"
	xmlns:xsi="http://www.w3.org/2001/XMLSchema-instance" xmlns:aop="http://www.springframework.org/schema/aop"
	xmlns:tx="http://www.springframework.org/schema/tx" xmlns:cache="http://www.springframework.org/schema/cache"
	xmlns:context="http://www.springframework.org/schema/context"
	xmlns:jee="http://www.springframework.org/schema/jee" xmlns:mvc="http://www.springframework.org/schema/mvc"
	xmlns:lang="http://www.springframework.org/schema/lang" xmlns:task="http://www.springframework.org/schema/task"
	xmlns:util="http://www.springframework.org/schema/util" xmlns:c="http://www.springframework.org/schema/c"
	xmlns:p="http://www.springframework.org/schema/p"
	xsi:schemaLocation="http://www.springframework.org/schema/beans http://www.springframework.org/schema/beans/spring-beans-3.2.xsd
		http://www.springframework.org/schema/aop http://www.springframework.org/schema/aop/spring-aop-3.2.xsd
		http://www.springframework.org/schema/tx http://www.springframework.org/schema/tx/spring-tx-3.2.xsd
		http://www.springframework.org/schema/cache http://www.springframework.org/schema/cache/spring-cache-3.2.xsd
		http://www.springframework.org/schema/context http://www.springframework.org/schema/context/spring-context-3.2.xsd
		http://www.springframework.org/schema/jee http://www.springframework.org/schema/jee/spring-jee-3.2.xsd
		http://www.springframework.org/schema/mvc http://www.springframework.org/schema/mvc/spring-mvc-3.2.xsd
		http://www.springframework.org/schema/lang http://www.springframework.org/schema/lang/spring-lang-3.2.xsd
		http://www.springframework.org/schema/task http://www.springframework.org/schema/task/spring-task-3.2.xsd
		http://www.springframework.org/schema/util http://www.springframework.org/schema/util/spring-util-3.2.xsd">

	<context:component-scan base-package="com.ls.**.controller" />

	<context:property-placeholder location="classpath:config.properties" />
	<!-- 404默认页面配置代码 -->
	<mvc:default-servlet-handler/>
	
	<mvc:annotation-driven>
		<mvc:message-converters>
			<bean class="org.springframework.http.converter.StringHttpMessageConverter">
				<property name="writeAcceptCharset" value="false" />
				<property name="supportedMediaTypes">
					<list>
						<value>text/html;charset=UTF-8</value>
						<value>text/plain;charset=UTF-8</value>
					</list>
				</property>
			</bean>
			<bean
				class="org.springframework.http.converter.ByteArrayHttpMessageConverter" />
			<bean class="org.springframework.http.converter.FormHttpMessageConverter" />
			<bean
				class="org.springframework.http.converter.xml.SourceHttpMessageConverter" />
			<bean
				class="org.springframework.http.converter.ResourceHttpMessageConverter" />
		</mvc:message-converters>
	</mvc:annotation-driven>
	<!-- 返回JSON模版 -->
	<bean
		class="org.springframework.web.servlet.mvc.annotation.AnnotationMethodHandlerAdapter">
		<property name="messageConverters">
			<list>
				<bean
					class="org.springframework.http.converter.json.MappingJackson2HttpMessageConverter" />
			</list>
		</property>
	</bean>
	<!--配置拦截器, 多个拦截器,顺序执行 -->
	<mvc:interceptors>
		<mvc:interceptor>
			<!-- /**的意思是所有文件夹及里面的子文件夹 /*是所有文件夹，不含子文件夹 /是web项目的根目录 -->
			<mvc:mapping path="/**" />
			<!-- 需排除拦截的地址 -->
			<mvc:exclude-mapping path="/captcha" /> <!-- 验证码url过滤 -->
			<mvc:exclude-mapping path="/login" /><!-- 登录页面url过滤 -->
			<mvc:exclude-mapping path="/" /><!-- 登录页面url过滤 -->
			<!--这个类就是我们自定义的Interceptor -->
			<bean id="commonInterceptor" class="com.ls.interceptor.CommonInterceptor"></bean>
		</mvc:interceptor>
		<!-- 当设置多个拦截器时，先按顺序调用preHandle方法，然后逆序调用每个拦截器的postHandle和afterCompletion方法 -->
	</mvc:interceptors>

	<bean id="freemarkerConfig"
		class="org.springframework.web.servlet.view.freemarker.FreeMarkerConfigurer">
		<property name="templateLoaderPath" value="/WEB-INF/views/" />
		<property name="freemarkerSettings">
			<props>
				<prop key="template_update_delay">0</prop>
				<prop key="default_encoding">UTF-8</prop>
				<prop key="number_format">0.##########</prop>
				<prop key="datetime_format">yyyy-MM-dd HH:mm:ss</prop>
				<prop key="classic_compatible">true</prop>
				<prop key="template_exception_handler">ignore</prop>
			</props>
		</property>
		<property name="freemarkerVariables">  <!--设置一些常用的全局变量 -->
			<map>
				<entry key="webRoot" value="${webRoot}"></entry>
			</map>
		</property>
	</bean>

	<bean
		class="org.springframework.web.servlet.view.ContentNegotiatingViewResolver">
		<property name="viewResolvers">
			<list>
				<bean class="org.springframework.web.servlet.view.BeanNameViewResolver" />

				<bean
					class="org.springframework.web.servlet.view.freemarker.FreeMarkerViewResolver">
					<property name="cache" value="true" />
					<!-- <property name="prefix" value="/"/> -->
					<property name="suffix" value=".html" />
					<property name="contentType" value="text/html;charset=UTF-8"></property>
					<property name="order" value="1" />
				</bean>
			</list>
		</property>
	</bean>

	<mvc:interceptors>
		<bean class="org.springframework.web.servlet.i18n.LocaleChangeInterceptor" />
	</mvc:interceptors>

	<!-- Saves a locale change using a cookie 使用Cookie保存区域设置更改 -->
	<bean id="localeResolver"
		class="org.springframework.web.servlet.i18n.CookieLocaleResolver" />

	<!-- Application Message Bundle 应用程序消息包 -->
	<bean id="messageSource"
		class="org.springframework.context.support.ReloadableResourceBundleMessageSource">
		<property name="basename" value="/WEB-INF/messages/messages" />
		<property name="cacheSeconds" value="0" />
	</bean>


	<!-- 上传文件 最大 50M <bean id="maxUploadSize" class="java.lang.Long" > <constructor-arg 
		index="0"> <value>52428800</value> </constructor-arg> </bean> 文件上传解析器 <bean 
		id="multipartResolver" class="org.springframework.web.multipart.commons.CommonsMultipartResolver"> 
		<property name="maxUploadSize" ref="maxUploadSize"></property> <property 
		name="defaultEncoding" value="UTF-8"/> </bean> -->
</beans>
