<?xml version="1.0" encoding="UTF-8" ?>
<!DOCTYPE mapper PUBLIC "-//mybatis.org//DTD Mapper 3.0//EN" "http://mybatis.org/dtd/mybatis-3-mapper.dtd" >
<mapper namespace="com.ls.index.dao.SysUserMapper" >
  <resultMap id="BaseResultMap" type="com.ls.index.domain.SysUser" >
    <!--
      WARNING - @mbggenerated
      This element is automatically generated by MyBatis Generator, do not modify.
      This element was generated on Sat Jul 22 23:03:11 CST 2017.
    -->
    <id column="id" property="id" jdbcType="VARCHAR" />
    <result column="username" property="username" jdbcType="VARCHAR" />
    <result column="password" property="password" jdbcType="VARCHAR" />
    <result column="truename" property="truename" jdbcType="VARCHAR" />
    <result column="mobile" property="mobile" jdbcType="VARCHAR" />
    <result column="roleid" property="roleid" jdbcType="VARCHAR" />
    <result column="createtime" property="createtime" jdbcType="TIMESTAMP" />
    <result column="createuserid" property="createuserid" jdbcType="VARCHAR" />
    <result column="flag" property="flag" jdbcType="CHAR" />
  </resultMap>
  <sql id="Base_Column_List" >
    id, username, password, truename, mobile, roleid, createtime, createuserid, flag
  </sql>
  
  <!-- 根据用户名查询用户 -->
  <select id="selectByUserName" resultMap="BaseResultMap" parameterType="java.lang.String" >
   select 
   <include refid="Base_Column_List" />
    from sys_user
    where flag = 0 and username = #{username} 
  </select>
  
  <select id="selectByPrimaryKey" resultMap="BaseResultMap" parameterType="java.lang.String" >
    select 
    <include refid="Base_Column_List" />
    from sys_user
    where id = #{id,jdbcType=VARCHAR}
  </select>
  <delete id="deleteByPrimaryKey" parameterType="java.lang.String" >
    <!--
      WARNING - @mbggenerated
      This element is automatically generated by MyBatis Generator, do not modify.
      This element was generated on Sat Jul 22 23:03:11 CST 2017.
    -->
    delete from sys_user
    where id = #{id,jdbcType=VARCHAR}
  </delete>
  <insert id="insert" parameterType="com.ls.index.domain.SysUser" >
    <!--
      WARNING - @mbggenerated
      This element is automatically generated by MyBatis Generator, do not modify.
      This element was generated on Sat Jul 22 23:03:11 CST 2017.
    -->
    <selectKey resultType="java.lang.String" keyProperty="id" order="BEFORE" >
      select uuid() from dual
    </selectKey>
    insert into sys_user (id, username, password, 
      truename, mobile, roleid, 
      createtime, createuserid, flag
      )
    values (#{id,jdbcType=VARCHAR}, #{username,jdbcType=VARCHAR}, #{password,jdbcType=VARCHAR}, 
      #{truename,jdbcType=VARCHAR}, #{mobile,jdbcType=VARCHAR}, #{roleid,jdbcType=VARCHAR}, 
      #{createtime,jdbcType=TIMESTAMP}, #{createuserid,jdbcType=VARCHAR}, #{flag,jdbcType=CHAR}
      )
  </insert>
  <insert id="insertSelective" parameterType="com.ls.index.domain.SysUser" >
    <!--
      WARNING - @mbggenerated
      This element is automatically generated by MyBatis Generator, do not modify.
      This element was generated on Sat Jul 22 23:03:11 CST 2017.
    -->
    <selectKey resultType="java.lang.String" keyProperty="id" order="BEFORE" >
      select uuid() from dual
    </selectKey>
    insert into sys_user
    <trim prefix="(" suffix=")" suffixOverrides="," >
      id,
      <if test="username != null" >
        username,
      </if>
      <if test="password != null" >
        password,
      </if>
      <if test="truename != null" >
        truename,
      </if>
      <if test="mobile != null" >
        mobile,
      </if>
      <if test="roleid != null" >
        roleid,
      </if>
      <if test="createtime != null" >
        createtime,
      </if>
      <if test="createuserid != null" >
        createuserid,
      </if>
      <if test="flag != null" >
        flag,
      </if>
    </trim>
    <trim prefix="values (" suffix=")" suffixOverrides="," >
      #{id,jdbcType=VARCHAR},
      <if test="username != null" >
        #{username,jdbcType=VARCHAR},
      </if>
      <if test="password != null" >
        #{password,jdbcType=VARCHAR},
      </if>
      <if test="truename != null" >
        #{truename,jdbcType=VARCHAR},
      </if>
      <if test="mobile != null" >
        #{mobile,jdbcType=VARCHAR},
      </if>
      <if test="roleid != null" >
        #{roleid,jdbcType=VARCHAR},
      </if>
      <if test="createtime != null" >
        #{createtime,jdbcType=TIMESTAMP},
      </if>
      <if test="createuserid != null" >
        #{createuserid,jdbcType=VARCHAR},
      </if>
      <if test="flag != null" >
        #{flag,jdbcType=CHAR},
      </if>
    </trim>
  </insert>
  <update id="updateByPrimaryKeySelective" parameterType="com.ls.index.domain.SysUser" >
    <!--
      WARNING - @mbggenerated
      This element is automatically generated by MyBatis Generator, do not modify.
      This element was generated on Sat Jul 22 23:03:11 CST 2017.
    -->
    update sys_user
    <set >
      <if test="username != null" >
        username = #{username,jdbcType=VARCHAR},
      </if>
      <if test="password != null" >
        password = #{password,jdbcType=VARCHAR},
      </if>
      <if test="truename != null" >
        truename = #{truename,jdbcType=VARCHAR},
      </if>
      <if test="mobile != null" >
        mobile = #{mobile,jdbcType=VARCHAR},
      </if>
      <if test="roleid != null" >
        roleid = #{roleid,jdbcType=VARCHAR},
      </if>
      <if test="createtime != null" >
        createtime = #{createtime,jdbcType=TIMESTAMP},
      </if>
      <if test="createuserid != null" >
        createuserid = #{createuserid,jdbcType=VARCHAR},
      </if>
      <if test="flag != null" >
        flag = #{flag,jdbcType=CHAR},
      </if>
    </set>
    where id = #{id,jdbcType=VARCHAR}
  </update>
  <update id="updateByPrimaryKey" parameterType="com.ls.index.domain.SysUser" >
    <!--
      WARNING - @mbggenerated
      This element is automatically generated by MyBatis Generator, do not modify.
      This element was generated on Sat Jul 22 23:03:11 CST 2017.
    -->
    update sys_user
    set username = #{username,jdbcType=VARCHAR},
      password = #{password,jdbcType=VARCHAR},
      truename = #{truename,jdbcType=VARCHAR},
      mobile = #{mobile,jdbcType=VARCHAR},
      roleid = #{roleid,jdbcType=VARCHAR},
      createtime = #{createtime,jdbcType=TIMESTAMP},
      createuserid = #{createuserid,jdbcType=VARCHAR},
      flag = #{flag,jdbcType=CHAR}
    where id = #{id,jdbcType=VARCHAR}
  </update>
</mapper>