<?xml version="1.0" encoding="UTF-8" ?>
<!DOCTYPE mapper PUBLIC "-//mybatis.org//DTD Mapper 3.0//EN" "http://mybatis.org/dtd/mybatis-3-mapper.dtd" >
<mapper namespace="com.ls.config.dao.SysConfigMapper" >
  <resultMap id="BaseResultMap" type="com.ls.config.domain.SysConfig" >
    <id column="Id" property="id" jdbcType="INTEGER" />
    <result column="title" property="title" jdbcType="VARCHAR" />
    <result column="copyright" property="copyright" jdbcType="VARCHAR" />
  </resultMap>
  <sql id="Base_Column_List" >
    Id, title, copyright
  </sql>
  <select id="selectAllConfig" resultMap="BaseResultMap"  >
    select 
    <include refid="Base_Column_List" />
    from sys_config
  </select>
</mapper>