<?xml version="1.0" encoding="UTF-8" ?>
<!DOCTYPE mapper PUBLIC "-//mybatis.org//DTD Mapper 3.0//EN" "http://mybatis.org/dtd/mybatis-3-mapper.dtd" >
<mapper namespace="com.ls.menu.dao.MenuMapper" >
  <resultMap id="BaseResultMap" type="com.ls.menu.domain.Menu" >
    <!--
      WARNING - @mbggenerated
      This element is automatically generated by MyBatis Generator, do not modify.
      This element was generated on Sat Jul 22 21:21:08 CST 2017.
    -->
    <id column="id" property="id" jdbcType="VARCHAR" />
    <result column="menuName" property="menuname" jdbcType="VARCHAR" />
    <result column="menuCode" property="menucode" jdbcType="VARCHAR" />
    <result column="menuUrl" property="menuurl" jdbcType="VARCHAR" />
    <result column="parentCode" property="parentcode" jdbcType="VARCHAR" />
    <result column="displaySeq" property="displayseq" jdbcType="INTEGER" />
    <result column="flag" property="flag" jdbcType="CHAR" />
    <result column="sortNum" property="sortnum" jdbcType="INTEGER" />
  </resultMap>
  <sql id="Base_Column_List" >
    id, menuName, menuCode, menuUrl, parentCode, displaySeq, flag, sortNum
  </sql>
  
  <!-- 条件查询菜单 -->
  <select id="selectAllMenu" resultMap="BaseResultMap">
  select 
  <include refid="Base_Column_List" /> 
  from sys_menu  
  where  flag = 1 
  order by sortNum 
  </select>
  
  <select id="selectByPrimaryKey" resultMap="BaseResultMap" parameterType="java.lang.String" >
    select 
    <include refid="Base_Column_List" />
    from sys_menu
    where id = #{id,jdbcType=VARCHAR}
  </select>
  
  <!-- 条件查询菜单 -->
  <select id="selectMenuByPage" resultMap="BaseResultMap" parameterType="com.ls.menu.domain.Menu">
     SELECT sm1.*,sm2.menuName AS parentMenu
   FROM sys_menu sm1 LEFT JOIN
   sys_menu sm2 ON sm1.parentCode = sm2.menuCode
   where 1=1 
 <if test="menu.menuname != null &amp;&amp; menu.menuname != ''" >
  and sm1.menuName LIKE '%${menu.menuname}%'
  </if>
  <if test="menu.menucode != null &amp;&amp; menu.menucode != ''">
   and sm1.menuCode LIKE '%#{menu.menucode}%'
  </if>
  <if test="menu.menuurl != null &amp;&amp; menu.menuurl != ''">
  and sm1.menuUrl = '%#{menu.menuurl}%'
  </if>
  <if test="menu.parentcode != null &amp;&amp; menu.parentcode !=''">
   and sm1.parentCode = '%#{menu.parentcodel}%'
  </if>
  <if test="menu.displayseq != null &amp;&amp; menu.displayseq != ''">
  and sm1.displaySeq = '%#{menu.displayseq}%'
  </if>
  <if test="menu.flag != null">
  and sm1.flag = #{menu.flag} 
  </if>
  order by sm1.sortNum
  </select>
  
  <!-- 根据parentName查询二级菜单 -->
  <select id="selectMenuByParentName" resultMap="BaseResultMap" parameterType="java.lang.String">
  	select 
      <include refid="Base_Column_List" />
    from sys_menu
    where 1=1
     and parentCode = (SELECT menuCode  FROM sys_menu  where  menuName = #{parentName})
  </select>
  
  <!-- 根据ParentName查找一级菜单 -->
  <select id="selectParentName" resultMap="BaseResultMap" parameterType="java.lang.String">
  	select 
  	  <include refid="Base_Column_List" />
    from sys_menu
    where 1=1
    and menuName = #{parentName}
  </select>
  
  <!-- 删除一个菜单 -->
  <delete id="deleteByPrimaryKey" parameterType="java.lang.String" >
    delete from sys_menu
    where id = #{id,jdbcType=VARCHAR}
  </delete>
  <!-- 插入菜单 -->
  <insert id="insert" parameterType="com.ls.menu.domain.Menu" >
    <selectKey resultType="java.lang.String" keyProperty="id" order="BEFORE" >
      select uuid() from dual
    </selectKey>
    insert into sys_menu (id, menuName, menuCode, 
      menuUrl, parentCode, displaySeq, 
      flag, sortNum)
    values (#{id,jdbcType=VARCHAR}, #{menuname,jdbcType=VARCHAR}, #{menucode,jdbcType=VARCHAR}, 
      #{menuurl,jdbcType=VARCHAR}, #{parentcode,jdbcType=VARCHAR}, '1', 
      #{flag,jdbcType=CHAR}, #{sortnum,jdbcType=INTEGER})
  </insert>
  
  <!-- 更新菜单状态 -->
  <update id="updateMenuFlag" parameterType="java.lang.String">
  update sys_menu 
  set flag = #{flag} 
  where id =#{id}
  </update>
  
  <!-- 判空插入菜单 -->
  <insert id="insertSelective" parameterType="com.ls.menu.domain.Menu" >
    <selectKey resultType="java.lang.String" keyProperty="id" order="BEFORE" >
      select uuid() from dual
    </selectKey>
    insert into sys_menu
    <trim prefix="(" suffix=")" suffixOverrides="," >
      id,
      <if test="menuname != null &amp;&amp; menuname != ''" >
        menuName,
      </if>
      <if test="menucode != null and menucode != ''" >
        menuCode,
      </if>
      <if test="menuurl != null and menuurl != ''" >
        menuUrl,
      </if>
      <if test="parentcode != null and parentcode != ''" >
        parentCode,
      </if>
      <if test="displayseq != null and displayseq != ''" >
        displaySeq,
      </if>
      <if test="flag != null and flag != ''" >
        flag,
      </if>
      <if test="sortnum != null and sortnum != ''" >
        sortNum,
      </if>
    </trim>
    <trim prefix="values (" suffix=")" suffixOverrides="," >
      #{id,jdbcType=VARCHAR},
     <if test="menuname != null &amp;&amp; menuname != ''" >
        #{menuname,jdbcType=VARCHAR},
      </if>
      <if test="menucode != null and menucode != ''" >
        #{menucode,jdbcType=VARCHAR},
      </if>
      <if test="menuurl != null and menuurl != ''" >
        #{menuurl,jdbcType=VARCHAR},
      </if>
      <if test="parentcode != null and parentcode != ''" >
        #{parentcode,jdbcType=VARCHAR},
      </if>
      <if test="displayseq != null and displayseq != ''" >
        #{displayseq,jdbcType=INTEGER},
      </if>
       <if test="flag != null and flag != ''" >
        #{flag,jdbcType=CHAR},
      </if>
      <if test="sortnum != null and sortnum != ''" >
        #{sortnum,jdbcType=INTEGER},
      </if>
    </trim>
    
  </insert>
    
    <!--   批量删除 -->
  <delete id="menuDelByIds" parameterType="java.lang.String">
        delete from sys_menu where id in
        <foreach item="ids" collection="array" open="(" separator="," close=")">
            #{ids}
        </foreach>
    </delete>
    
    
    
  <update id="updateByPrimaryKeySelective" parameterType="com.ls.menu.domain.Menu" >
    update sys_menu
    <set >
      <if test="menuname != null" >
        menuName = #{menuname,jdbcType=VARCHAR},
      </if>
      <if test="menucode != null" >
        menuCode = #{menucode,jdbcType=VARCHAR},
      </if>
      <if test="menuurl != null" >
        menuUrl = #{menuurl,jdbcType=VARCHAR},
      </if>
      <if test="parentcode != null" >
        parentCode = #{parentcode,jdbcType=VARCHAR},
      </if>
      <if test="displayseq != null" >
        displaySeq = #{displayseq,jdbcType=INTEGER},
      </if>
      <if test="flag != null" >
        flag = #{flag,jdbcType=CHAR},
      </if>
      <if test="sortnum != null" >
        sortNum = #{sortnum,jdbcType=INTEGER},
      </if>
    </set>
    where id = #{id,jdbcType=VARCHAR}
  </update>
  <update id="updateByPrimaryKey" parameterType="com.ls.menu.domain.Menu" >
    <!--
      WARNING - @mbggenerated
      This element is automatically generated by MyBatis Generator, do not modify.
      This element was generated on Sat Jul 22 21:21:08 CST 2017.
    -->
    update sys_menu
    set menuName = #{menuname,jdbcType=VARCHAR},
      menuCode = #{menucode,jdbcType=VARCHAR},
      menuUrl = #{menuurl,jdbcType=VARCHAR},
      parentCode = #{parentcode,jdbcType=VARCHAR},
      displaySeq = #{displayseq,jdbcType=INTEGER},
      flag = #{flag,jdbcType=CHAR},
      sortNum = #{sortnum,jdbcType=INTEGER}
    where id = #{id,jdbcType=VARCHAR}
  </update>
</mapper>